Actual,Predicted
22716.25,22854.13
33026.72,25550.59
54666.75,56689.240000000005
31258.21,33529.76
20729.23,24265.71
47070.08,38924.86
23607.3,21032.65
52890.130000000005,48483.19
29381.11,31848.37
35958.21,33775.78
37072.52,38654.0
23276.43,21032.65
