Actual,Predicted
22716.25,22716.250000000015
33026.72,33026.72
54666.75,54666.75
31258.21,31258.210000000006
20729.23,20729.23000000001
47070.08,47070.080000000016
23607.3,23607.300000000003
52890.130000000005,52890.130000000005
29381.11,29381.110000000015
35958.21,35958.21000000001
37072.52,37072.52000000002
23276.43,23276.430000000004
