Actual,Predicted
22716.25,23686.801399999964
33026.72,30133.310100000024
54666.75,48300.61450000005
31258.21,33058.32799999996
20729.23,24302.88479999997
47070.08,44165.4514
23607.3,23251.31219999999
52890.130000000005,46590.579299999976
29381.11,32207.11489999999
35958.21,34856.46719999996
37072.52,37651.195799999965
23276.43,24099.615299999976
